{
  "simulation_time": 3600,
  "completed_jobs": 32,
  "failed_jobs": 38,
  "schedulers": {
    "batch_scheduler": {
      "scheduler_id": "batch_scheduler",
      "jobs_scheduled": 105,
      "tasks_scheduled": 1245,
      "conflicts": 0,
      "conflict_rate": 0.0,
      "total_decision_time": 17.344550132751465,
      "busy_time": 130.7124741077423,
      "avg_wait_time": 0.052101494362281245
    },
    "service_scheduler": {
      "scheduler_id": "service_scheduler",
      "jobs_scheduled": 20,
      "tasks_scheduled": 213,
      "conflicts": 0,
      "conflict_rate": 0.0,
      "total_decision_time": 183.27088451385498,
      "busy_time": 185.8019037246704,
      "avg_wait_time": 0.04927150827688131
    }
  },
  "cell_state": {
    "total_transactions": 125,
    "total_commits": 125,
    "total_conflicts": 0,
    "conflict_rate": 0.0,
    "utilization": {
      "cpu": 0.9510135135135135,
      "gpu": 0.75,
      "memory": 0.8398257967942256
    }
  },
  "avg_job_duration": 211.90602311487223,
  "median_job_duration": 26.859307975566935
}